Date,Facebook Ad Campaign,Facebook Ad Views,Facebook Ad Clicks,Facebook Ad Conversions,Cost per Facebook Ad,Facebook Click-Through Rate (Clicks / View),Facebook Conversion Rate (Conversions / Clicks),AdWords Ad Campaign,AdWords Ad Views,AdWords Ad Clicks,AdWords Ad Conversions,Cost per AdWords Ad,AdWords Click-Through Rate (Clicks / View),AdWords Conversion Rate (Conversions / Click),Facebook CPC,AdWords CPC
2023-01-01,FB_Jan,2116,18,8,126,0.0083,0.42729999999999996,AW_Jan,4984,59,5,234,0.0118,0.084,7.0,3.9661016949152543
2023-01-02,FB_Jan,3106,36,12,104,0.0115,0.3404,AW_Jan,4022,71,6,75,0.0177,0.078,2.888888888888889,1.056338028169014
2023-01-03,FB_Jan,3105,26,8,102,0.0084,0.3145,AW_Jan,3863,44,4,141,0.0113,0.0959,3.923076923076923,3.2045454545454546
2023-01-04,FB_Jan,1107,27,9,71,0.0245,0.34759999999999996,AW_Jan,3911,49,5,141,0.0126,0.1108,2.6296296296296298,2.877551020408163
2023-01-05,FB_Jan,1317,15,7,78,0.011000000000000001,0.47590000000000005,AW_Jan,4070,55,7,133,0.013600000000000001,0.1222,5.2,2.418181818181818
2023-01-06,FB_Jan,1958,37,10,113,0.018600000000000002,0.2822,AW_Jan,4052,51,4,135,0.0125,0.0697,3.054054054054054,2.6470588235294117
2023-01-07,FB_Jan,2941,49,15,37,0.0166,0.30219999999999997,AW_Jan,3845,66,7,90,0.0172,0.1107,0.7551020408163265,1.3636363636363635
2023-01-08,FB_Jan,2805,49,12,105,0.0174,0.2409,AW_Jan,5147,69,4,153,0.0134,0.0645,2.142857142857143,2.217391304347826
2023-01-09,FB_Jan,2520,36,12,96,0.0144,0.33740000000000003,AW_Jan,3861,82,9,140,0.0212,0.1112,2.6666666666666665,1.7073170731707317
2023-01-10,FB_Jan,1896,41,13,62,0.0215,0.32289999999999996,AW_Jan,4938,48,5,147,0.0098,0.1119,1.5121951219512195,3.0625
2023-01-11,FB_Jan,1828,51,14,41,0.0278,0.2786,AW_Jan,4351,58,7,84,0.013300000000000001,0.1191,0.803921568627451,1.4482758620689655
2023-01-12,FB_Jan,1553,56,14,123,0.0361,0.2536,AW_Jan,5442,68,8,177,0.0125,0.12369999999999999,2.1964285714285716,2.6029411764705883
2023-01-13,FB_Jan,1699,48,12,88,0.028399999999999998,0.2415,AW_Jan,4283,83,7,158,0.019299999999999998,0.0863,1.8333333333333333,1.9036144578313252
2023-01-14,FB_Jan,1803,42,11,67,0.0235,0.2708,AW_Jan,4060,78,9,91,0.0192,0.11410000000000001,1.5952380952380953,1.1666666666666667
2023-01-15,FB_Jan,1493,56,12,59,0.0374,0.21789999999999998,AW_Jan,3957,36,3,165,0.0091,0.0776,1.0535714285714286,4.583333333333333
2023-01-16,FB_Jan,2493,31,7,92,0.0123,0.23260000000000003,AW_Jan,3925,48,6,96,0.0121,0.1341,2.967741935483871,2.0
2023-01-17,FB_Jan,2903,28,10,102,0.0097,0.34130000000000005,AW_Jan,5147,52,5,130,0.0102,0.0882,3.642857142857143,2.5
2023-01-18,FB_Jan,1916,40,13,95,0.0208,0.32530000000000003,AW_Jan,5412,49,6,167,0.009000000000000001,0.132,2.375,3.4081632653061225
2023-01-19,FB_Jan,2805,30,8,67,0.0106,0.2673,AW_Jan,4370,68,4,165,0.0155,0.0647,2.2333333333333334,2.426470588235294
2023-01-20,FB_Jan,2478,50,13,66,0.0202,0.26,AW_Jan,4580,81,7,119,0.0177,0.08710000000000001,1.32,1.4691358024691359
2023-01-21,FB_Jan,2365,33,8,97,0.0139,0.2305,AW_Jan,5259,49,3,188,0.009399999999999999,0.0702,2.9393939393939394,3.836734693877551
2023-01-22,FB_Jan,3106,46,12,102,0.0149,0.2647,AW_Jan,4873,43,4,148,0.0088,0.0965,2.217391304347826,3.441860465116279
2023-01-23,FB_Jan,1796,28,10,85,0.0155,0.3439,AW_Jan,5432,63,7,112,0.0115,0.11380000000000001,3.0357142857142856,1.7777777777777777
2023-01-24,FB_Jan,1932,43,12,106,0.0225,0.2691,AW_Jan,3839,80,6,151,0.0208,0.0751,2.4651162790697674,1.8875
2023-01-25,FB_Jan,1625,52,13,50,0.0321,0.2575,AW_Jan,3714,50,7,141,0.0134,0.1505,0.9615384615384616,2.82
2023-01-26,FB_Jan,1845,24,6,89,0.0129,0.242,AW_Jan,5540,53,4,177,0.0096,0.0688,3.7083333333333335,3.339622641509434
2023-01-27,FB_Jan,2106,45,11,111,0.0216,0.2441,AW_Jan,5506,77,6,126,0.013999999999999999,0.0759,2.466666666666667,1.6363636363636365
2023-01-28,FB_Jan,2690,55,13,51,0.0206,0.2361,AW_Jan,4152,44,7,171,0.0106,0.16399999999999998,0.9272727272727272,3.8863636363636362
2023-01-29,FB_Jan,1265,43,11,43,0.034300000000000004,0.24609999999999999,AW_Jan,4769,78,8,82,0.0163,0.1014,1.0,1.0512820512820513
2023-01-30,FB_Jan,2781,28,11,84,0.009899999999999999,0.3818,AW_Jan,5690,42,5,95,0.0074,0.1211,3.0,2.261904761904762
2023-01-31,FB_Jan,2313,31,7,82,0.013300000000000001,0.2325,AW_Jan,4499,50,4,192,0.011200000000000002,0.0698,2.6451612903225805,3.84
2023-02-01,FB_Feb,2318,25,9,86,0.0106,0.3626,AW_Feb,4051,72,6,113,0.0178,0.07780000000000001,3.44,1.5694444444444444
2023-02-02,FB_Feb,3004,26,7,94,0.0088,0.276,AW_Feb,4788,76,6,93,0.0159,0.0762,3.6153846153846154,1.2236842105263157
2023-02-03,FB_Feb,2345,25,10,143,0.0108,0.3969,AW_Feb,4417,41,5,112,0.009300000000000001,0.1229,5.72,2.731707317073171
2023-02-04,FB_Feb,1874,56,13,48,0.029900000000000003,0.2357,AW_Feb,4182,49,5,147,0.011699999999999999,0.1115,0.8571428571428571,3.0
2023-02-05,FB_Feb,1359,41,11,107,0.0305,0.2725,AW_Feb,4168,78,9,98,0.0187,0.11410000000000001,2.6097560975609757,1.2564102564102564
2023-02-06,FB_Feb,2109,34,9,110,0.0159,0.2595,AW_Feb,4426,69,7,133,0.015700000000000002,0.10769999999999999,3.235294117647059,1.9275362318840579
2023-02-07,FB_Feb,2799,31,10,61,0.011200000000000002,0.3274,AW_Feb,4787,58,7,171,0.012199999999999999,0.11869999999999999,1.967741935483871,2.9482758620689653
2023-02-08,FB_Feb,1265,41,13,86,0.0325,0.32170000000000004,AW_Feb,5475,48,4,120,0.0087,0.09179999999999999,2.097560975609756,2.5
2023-02-09,FB_Feb,2566,41,13,64,0.0158,0.3235,AW_Feb,4202,44,4,100,0.0105,0.09539999999999998,1.5609756097560976,2.272727272727273
2023-02-10,FB_Feb,2279,35,12,92,0.0155,0.34119999999999995,AW_Feb,4614,43,5,136,0.009399999999999999,0.1195,2.6285714285714286,3.1627906976744184
2023-02-11,FB_Feb,1781,29,9,129,0.0161,0.3045,AW_Feb,4758,71,8,132,0.0148,0.1067,4.448275862068965,1.8591549295774648
2023-02-12,FB_Feb,2984,54,16,121,0.0182,0.2919,AW_Feb,5119,74,5,130,0.014499999999999999,0.0635,2.240740740740741,1.7567567567567568
2023-02-13,FB_Feb,2692,40,10,34,0.0148,0.2501,AW_Feb,4554,74,5,113,0.016200000000000003,0.0635,0.85,1.527027027027027
2023-02-14,FB_Feb,2517,31,8,53,0.0121,0.2656,AW_Feb,5202,80,8,102,0.0154,0.1001,1.7096774193548387,1.275
2023-02-15,FB_Feb,2116,42,10,84,0.0199,0.2475,AW_Feb,4157,40,3,104,0.0097,0.07490000000000001,2.0,2.6
2023-02-16,FB_Feb,3080,26,7,53,0.0083,0.2781,AW_Feb,4336,63,8,154,0.014499999999999999,0.1297,2.0384615384615383,2.4444444444444446
2023-02-17,FB_Feb,2839,31,10,113,0.011000000000000001,0.3286,AW_Feb,3863,36,7,172,0.009399999999999999,0.1881,3.6451612903225805,4.777777777777778
2023-02-18,FB_Feb,3299,31,9,115,0.0092,0.2984,AW_Feb,4947,74,7,173,0.015,0.09050000000000001,3.7096774193548385,2.3378378378378377
2023-02-19,FB_Feb,1531,48,11,67,0.0311,0.221,AW_Feb,5499,62,4,155,0.011200000000000002,0.0662,1.3958333333333333,2.5
2023-02-20,FB_Feb,2324,34,11,46,0.0147,0.317,AW_Feb,5347,67,7,97,0.0124,0.1101,1.3529411764705883,1.4477611940298507
2023-02-21,FB_Feb,1063,32,8,104,0.0301,0.2625,AW_Feb,4711,64,7,197,0.013500000000000002,0.11289999999999999,3.25,3.078125
2023-02-22,FB_Feb,3238,48,11,119,0.0148,0.22089999999999999,AW_Feb,4702,61,8,136,0.0129,0.1324,2.4791666666666665,2.2295081967213113
2023-02-23,FB_Feb,1662,28,7,118,0.0168,0.2357,AW_Feb,5254,74,5,97,0.014199999999999999,0.0634,4.214285714285714,1.3108108108108107
2023-02-24,FB_Feb,1110,51,14,67,0.0455,0.2792,AW_Feb,4892,71,9,144,0.0146,0.1201,1.3137254901960784,2.028169014084507
2023-02-25,FB_Feb,3122,44,11,70,0.014199999999999999,0.2451,AW_Feb,4226,52,4,152,0.012199999999999999,0.0694,1.5909090909090908,2.923076923076923
2023-02-26,FB_Feb,1647,35,12,132,0.0213,0.3429,AW_Feb,5466,66,7,131,0.012,0.11109999999999999,3.7714285714285714,1.9848484848484849
2023-02-27,FB_Feb,1658,55,15,112,0.0333,0.2723,AW_Feb,5083,47,7,103,0.009300000000000001,0.15560000000000002,2.036363636363636,2.1914893617021276
2023-02-28,FB_Feb,3145,54,12,69,0.0173,0.2184,AW_Feb,3952,32,3,152,0.008100000000000001,0.08109999999999999,1.2777777777777777,4.75
2023-03-01,FB_Mar,3149,46,12,93,0.0147,0.2647,AW_Mar,4888,68,4,151,0.013999999999999999,0.0646,2.0217391304347827,2.2205882352941178
2023-03-02,FB_Mar,1608,57,15,92,0.0355,0.2701,AW_Mar,3780,51,6,149,0.013600000000000001,0.1085,1.6140350877192982,2.9215686274509802
2023-03-03,FB_Mar,1742,28,8,118,0.016200000000000003,0.2707,AW_Mar,3890,42,6,141,0.0108,0.1452,4.214285714285714,3.357142857142857
2023-03-04,FB_Mar,2504,40,11,59,0.0158,0.2759,AW_Mar,4399,50,4,169,0.011399999999999999,0.0699,1.475,3.38
2023-03-05,FB_Mar,2943,43,13,40,0.014499999999999999,0.2939,AW_Mar,4296,56,8,131,0.0131,0.1391,0.9302325581395349,2.3392857142857144
2023-03-06,FB_Mar,2962,51,14,92,0.0173,0.2783,AW_Mar,5520,71,6,110,0.0129,0.0781,1.803921568627451,1.5492957746478873
2023-03-07,FB_Mar,1560,44,13,99,0.0281,0.29109999999999997,AW_Mar,4462,33,5,126,0.0074,0.1405,2.25,3.8181818181818183
2023-03-08,FB_Mar,1232,24,10,142,0.0197,0.4058,AW_Mar,4507,70,9,99,0.015600000000000001,0.12119999999999999,5.916666666666667,1.4142857142857144
2023-03-09,FB_Mar,1406,29,9,107,0.0204,0.3045,AW_Mar,3894,33,7,185,0.0085,0.2006,3.689655172413793,5.606060606060606
2023-03-10,FB_Mar,1819,22,5,96,0.012199999999999999,0.245,AW_Mar,4507,62,5,109,0.0137,0.0823,4.363636363636363,1.7580645161290323
2023-03-11,FB_Mar,1097,59,15,43,0.0537,0.2509,AW_Mar,5154,87,5,179,0.0169,0.061500000000000006,0.7288135593220338,2.057471264367816
2023-03-12,FB_Mar,1314,43,10,105,0.0329,0.2231,AW_Mar,4024,65,7,99,0.016,0.11199999999999999,2.441860465116279,1.523076923076923
2023-03-13,FB_Mar,1320,61,17,118,0.0463,0.2818,AW_Mar,4401,60,4,133,0.013600000000000001,0.0668,1.9344262295081966,2.216666666666667
2023-03-14,FB_Mar,1783,54,15,69,0.030299999999999997,0.27390000000000003,AW_Mar,5493,44,5,140,0.008,0.1185,1.2777777777777777,3.1818181818181817
2023-03-15,FB_Mar,1200,39,9,116,0.0323,0.22579999999999997,AW_Mar,5031,66,8,106,0.0131,0.126,2.9743589743589745,1.606060606060606
2023-03-16,FB_Mar,2030,33,8,131,0.0163,0.2302,AW_Mar,5515,58,4,80,0.0105,0.0673,3.9696969696969697,1.3793103448275863
2023-03-17,FB_Mar,1890,32,9,95,0.0171,0.2929,AW_Mar,5498,54,4,135,0.009899999999999999,0.0684,2.96875,2.5
2023-03-18,FB_Mar,2772,59,17,76,0.0213,0.2846,AW_Mar,4667,70,7,96,0.0149,0.1075,1.2881355932203389,1.3714285714285714
2023-03-19,FB_Mar,1721,28,10,115,0.016,0.34490000000000004,AW_Mar,4237,45,4,162,0.0106,0.0946,4.107142857142857,3.6
2023-03-20,FB_Mar,2049,37,12,54,0.018000000000000002,0.33549999999999996,AW_Mar,5089,34,4,97,0.0067,0.1085,1.4594594594594594,2.8529411764705883
2023-03-21,FB_Mar,3051,48,11,100,0.015700000000000002,0.2208,AW_Mar,4239,41,6,112,0.0097,0.1476,2.0833333333333335,2.731707317073171
2023-03-22,FB_Mar,1086,35,11,73,0.0325,0.31329999999999997,AW_Mar,5077,66,4,166,0.0129,0.0652,2.085714285714286,2.515151515151515
2023-03-23,FB_Mar,2217,36,11,101,0.016200000000000003,0.3111,AW_Mar,5169,55,8,149,0.010700000000000001,0.14029999999999998,2.8055555555555554,2.709090909090909
2023-03-24,FB_Mar,2320,54,12,103,0.0231,0.2187,AW_Mar,5249,78,9,99,0.0148,0.1142,1.9074074074074074,1.2692307692307692
2023-03-25,FB_Mar,2279,41,10,75,0.018000000000000002,0.2488,AW_Mar,5598,41,3,159,0.0073,0.0745,1.829268292682927,3.8780487804878048
2023-03-26,FB_Mar,3169,40,13,107,0.0125,0.32659999999999995,AW_Mar,3894,68,5,182,0.0174,0.0795,2.675,2.676470588235294
2023-03-27,FB_Mar,1292,36,9,140,0.0282,0.25489999999999996,AW_Mar,4192,74,7,109,0.0178,0.09029999999999999,3.888888888888889,1.472972972972973
2023-03-28,FB_Mar,2390,39,10,110,0.016200000000000003,0.2515,AW_Mar,3959,62,5,83,0.015600000000000001,0.0823,2.8205128205128207,1.3387096774193548
2023-03-29,FB_Mar,1845,25,6,71,0.0134,0.2403,AW_Mar,5200,40,5,159,0.0077,0.1253,2.84,3.975
2023-03-30,FB_Mar,2202,41,11,115,0.018799999999999997,0.2725,AW_Mar,3826,67,5,100,0.0174,0.0801,2.8048780487804876,1.492537313432836
2023-03-31,FB_Mar,2895,42,11,48,0.0144,0.27190000000000003,AW_Mar,5082,79,9,148,0.0155,0.11349999999999999,1.1428571428571428,1.8734177215189873
2023-04-01,FB_Apr,2628,30,7,99,0.0113,0.23379999999999998,AW_Apr,4372,59,5,140,0.013500000000000002,0.08380000000000001,3.3,2.3728813559322033
2023-04-02,FB_Apr,1910,39,10,59,0.020499999999999997,0.251,AW_Apr,4846,73,9,113,0.015,0.1189,1.5128205128205128,1.547945205479452
2023-04-03,FB_Apr,2700,34,12,43,0.0126,0.34659999999999996,AW_Apr,3867,56,7,171,0.0146,0.121,1.2647058823529411,3.0535714285714284
2023-04-04,FB_Apr,1558,52,14,65,0.0334,0.27690000000000003,AW_Apr,4501,82,5,117,0.0182,0.0622,1.25,1.4268292682926829
2023-04-05,FB_Apr,1149,53,13,126,0.0461,0.2377,AW_Apr,4690,62,5,157,0.0132,0.0824,2.3773584905660377,2.532258064516129
2023-04-06,FB_Apr,2703,35,9,102,0.0128,0.2576,AW_Apr,4692,76,6,182,0.016200000000000003,0.0764,2.914285714285714,2.3947368421052633
2023-04-07,FB_Apr,2970,44,10,108,0.0149,0.2225,AW_Apr,3867,35,5,114,0.0091,0.1352,2.4545454545454546,3.257142857142857
2023-04-08,FB_Apr,1768,26,6,58,0.0148,0.23829999999999998,AW_Apr,4604,61,4,122,0.0132,0.0664,2.230769230769231,2.0
2023-04-09,FB_Apr,2888,40,9,60,0.0139,0.2249,AW_Apr,3945,65,7,185,0.0165,0.1115,1.5,2.8461538461538463
2023-04-10,FB_Apr,1312,57,16,92,0.0432,0.2883,AW_Apr,3900,83,9,90,0.0213,0.1103,1.6140350877192982,1.0843373493975903
2023-04-11,FB_Apr,1128,36,10,70,0.0316,0.2843,AW_Apr,4618,35,5,110,0.0076,0.1352,1.9444444444444444,3.142857142857143
2023-04-12,FB_Apr,1924,22,6,74,0.0116,0.2897,AW_Apr,4828,44,3,173,0.0091,0.0727,3.3636363636363638,3.9318181818181817
2023-04-13,FB_Apr,1786,43,13,69,0.0239,0.2937,AW_Apr,5266,57,5,109,0.0109,0.0849,1.6046511627906976,1.912280701754386
2023-04-14,FB_Apr,2135,57,12,114,0.0268,0.2175,AW_Apr,5708,76,7,160,0.0134,0.08929999999999999,2.0,2.1052631578947367
2023-04-15,FB_Apr,1642,39,13,80,0.023799999999999998,0.32789999999999997,AW_Apr,3986,48,7,152,0.012,0.15439999999999998,2.051282051282051,3.1666666666666665
2023-04-16,FB_Apr,2252,36,10,114,0.0159,0.2836,AW_Apr,5091,62,8,150,0.012199999999999999,0.1308,3.1666666666666665,2.4193548387096775
2023-04-17,FB_Apr,1132,58,16,78,0.051,0.2693,AW_Apr,4629,45,7,135,0.0097,0.1612,1.3448275862068966,3.0
2023-04-18,FB_Apr,1163,36,10,66,0.031,0.28309999999999996,AW_Apr,3812,34,4,92,0.009000000000000001,0.1084,1.8333333333333333,2.7058823529411766
2023-04-19,FB_Apr,3209,33,12,108,0.0103,0.3515,AW_Apr,4171,51,8,171,0.0123,0.1476,3.272727272727273,3.3529411764705883
2023-04-20,FB_Apr,3269,43,12,89,0.0131,0.2699,AW_Apr,5488,85,8,154,0.0155,0.09720000000000001,2.0697674418604652,1.811764705882353
2023-04-21,FB_Apr,3217,62,16,120,0.0194,0.2642,AW_Apr,4850,59,4,154,0.012199999999999999,0.0669,1.935483870967742,2.610169491525424
2023-04-22,FB_Apr,2186,45,10,126,0.0206,0.22219999999999998,AW_Apr,5494,67,8,173,0.012199999999999999,0.1247,2.8,2.582089552238806
2023-04-23,FB_Apr,2414,51,14,111,0.021,0.2791,AW_Apr,4570,77,9,132,0.0168,0.1151,2.176470588235294,1.7142857142857142
2023-04-24,FB_Apr,1744,19,8,90,0.0109,0.4105,AW_Apr,5096,60,7,157,0.0118,0.1168,4.7368421052631575,2.6166666666666667
2023-04-25,FB_Apr,2910,39,11,48,0.013300000000000001,0.2775,AW_Apr,4057,53,6,108,0.0131,0.10640000000000001,1.2307692307692308,2.0377358490566038
2023-04-26,FB_Apr,2788,59,15,111,0.021099999999999997,0.2509,AW_Apr,3896,84,5,170,0.0215,0.061900000000000004,1.88135593220339,2.0238095238095237
2023-04-27,FB_Apr,1525,53,16,58,0.0348,0.2943,AW_Apr,4572,37,3,167,0.008100000000000001,0.07690000000000001,1.0943396226415094,4.513513513513513
2023-04-28,FB_Apr,3249,36,11,55,0.0109,0.3127,AW_Apr,5734,67,8,155,0.011699999999999999,0.12480000000000001,1.5277777777777777,2.3134328358208953
2023-04-29,FB_Apr,1624,31,7,114,0.0191,0.2323,AW_Apr,4642,57,7,154,0.0124,0.1197,3.6774193548387095,2.7017543859649122
2023-04-30,FB_Apr,1541,21,6,107,0.013600000000000001,0.2952,AW_Apr,5508,83,8,187,0.0151,0.09820000000000001,5.095238095238095,2.253012048192771
2023-05-01,FB_May,1168,52,11,42,0.0443,0.2193,AW_May,4405,70,5,171,0.0159,0.0642,0.8076923076923077,2.442857142857143
2023-05-02,FB_May,2301,54,15,64,0.0236,0.2735,AW_May,4750,67,5,111,0.014199999999999999,0.0797,1.1851851851851851,1.6567164179104477
2023-05-03,FB_May,1332,35,8,121,0.026099999999999998,0.2288,AW_May,4360,37,5,123,0.0085,0.1306,3.4571428571428573,3.324324324324324
2023-05-04,FB_May,2771,48,12,103,0.0174,0.2414,AW_May,4349,58,4,150,0.013300000000000001,0.0673,2.1458333333333335,2.586206896551724
2023-05-05,FB_May,2564,53,16,62,0.0207,0.2942,AW_May,4434,68,4,153,0.0154,0.0646,1.169811320754717,2.25
2023-05-06,FB_May,1736,25,7,69,0.0146,0.2787,AW_May,4465,72,9,126,0.016200000000000003,0.1193,2.76,1.75
2023-05-07,FB_May,2923,25,7,99,0.0086,0.2797,AW_May,4158,60,5,153,0.0144,0.0833,3.96,2.55
2023-05-08,FB_May,1587,58,17,82,0.0362,0.287,AW_May,5325,41,5,115,0.0077,0.1235,1.4137931034482758,2.8048780487804876
2023-05-09,FB_May,1960,41,9,130,0.0209,0.22440000000000002,AW_May,5078,40,5,94,0.0079,0.1247,3.1707317073170733,2.35
2023-05-10,FB_May,3320,47,13,112,0.014199999999999999,0.2846,AW_May,5086,49,7,120,0.0097,0.15130000000000002,2.382978723404255,2.4489795918367347
2023-05-11,FB_May,1909,34,10,53,0.0176,0.2893,AW_May,4724,52,5,134,0.0109,0.0888,1.5588235294117647,2.576923076923077
2023-05-12,FB_May,1702,42,13,60,0.024900000000000002,0.3179,AW_May,4146,78,7,154,0.018799999999999997,0.08839999999999999,1.4285714285714286,1.9743589743589745
2023-05-13,FB_May,2281,33,9,56,0.0146,0.25989999999999996,AW_May,5327,83,8,139,0.0155,0.0983,1.696969696969697,1.6746987951807228
2023-05-14,FB_May,1467,54,12,79,0.036699999999999997,0.2186,AW_May,4117,38,6,182,0.009300000000000001,0.1548,1.462962962962963,4.7894736842105265
2023-05-15,FB_May,3043,44,12,96,0.0146,0.2677,AW_May,5687,41,7,75,0.0072,0.1721,2.1818181818181817,1.829268292682927
2023-05-16,FB_May,2530,50,15,76,0.0197,0.3004,AW_May,4657,72,5,127,0.0154,0.064,1.52,1.7638888888888888
2023-05-17,FB_May,2483,59,17,46,0.0239,0.2843,AW_May,4438,54,6,134,0.0123,0.1051,0.7796610169491526,2.4814814814814814
2023-05-18,FB_May,2648,23,9,129,0.0088,0.37170000000000003,AW_May,5640,36,4,171,0.0064,0.1052,5.608695652173913,4.75
2023-05-19,FB_May,2948,59,13,49,0.02,0.2169,AW_May,5458,54,5,148,0.009899999999999999,0.087,0.8305084745762712,2.740740740740741
2023-05-20,FB_May,1368,36,10,114,0.026600000000000002,0.2824,AW_May,3814,55,5,83,0.0144,0.0863,3.1666666666666665,1.509090909090909
2023-05-21,FB_May,2684,42,10,86,0.0155,0.2482,AW_May,5526,45,6,104,0.008100000000000001,0.139,2.0476190476190474,2.311111111111111
2023-05-22,FB_May,2615,29,7,55,0.011200000000000002,0.2341,AW_May,5531,83,8,118,0.015,0.09820000000000001,1.896551724137931,1.4216867469879517
2023-05-23,FB_May,1511,26,7,44,0.0169,0.2781,AW_May,4585,55,8,166,0.0121,0.1404,1.6923076923076923,3.018181818181818
2023-05-24,FB_May,2158,23,6,85,0.010700000000000001,0.2433,AW_May,4970,41,6,101,0.0083,0.1472,3.6956521739130435,2.4634146341463414
2023-05-25,FB_May,3085,48,13,43,0.0155,0.26280000000000003,AW_May,4768,73,6,135,0.0152,0.0776,0.8958333333333334,1.8493150684931507
2023-05-26,FB_May,2806,46,14,50,0.016399999999999998,0.3085,AW_May,4140,77,5,170,0.0187,0.0629,1.0869565217391304,2.207792207792208
2023-05-27,FB_May,1239,37,12,110,0.0298,0.33549999999999996,AW_May,4692,88,5,75,0.0187,0.061399999999999996,2.972972972972973,0.8522727272727273
2023-05-28,FB_May,2244,36,9,99,0.016,0.2559,AW_May,4842,63,4,112,0.013000000000000001,0.0659,2.75,1.7777777777777777
2023-05-29,FB_May,2767,37,8,43,0.0132,0.2274,AW_May,4845,60,7,119,0.0123,0.11699999999999999,1.162162162162162,1.9833333333333334
2023-05-30,FB_May,2630,41,11,84,0.015700000000000002,0.2728,AW_May,5544,76,8,142,0.0137,0.1026,2.048780487804878,1.868421052631579
2023-05-31,FB_May,1831,23,9,94,0.0125,0.3747,AW_May,4628,48,4,113,0.0103,0.0919,4.086956521739131,2.3541666666666665
2023-06-01,FB_Jun,1586,40,13,79,0.025,0.3259,AW_Jun,4003,58,6,84,0.014499999999999999,0.10189999999999999,1.975,1.4482758620689655
2023-06-02,FB_Jun,1670,35,11,107,0.021099999999999997,0.31329999999999997,AW_Jun,5223,45,5,178,0.0086,0.1167,3.057142857142857,3.9555555555555557
2023-06-03,FB_Jun,2686,61,16,73,0.0227,0.2657,AW_Jun,4953,56,7,179,0.0113,0.12140000000000001,1.1967213114754098,3.1964285714285716
2023-06-04,FB_Jun,1380,36,9,99,0.0264,0.25489999999999996,AW_Jun,5298,73,5,167,0.0138,0.0637,2.75,2.287671232876712
2023-06-05,FB_Jun,2075,48,13,84,0.023,0.26280000000000003,AW_Jun,4716,48,7,133,0.0103,0.1533,1.75,2.7708333333333335
2023-06-06,FB_Jun,2421,22,7,112,0.0092,0.3345,AW_Jun,5353,71,5,163,0.0132,0.0642,5.090909090909091,2.295774647887324
2023-06-07,FB_Jun,2433,46,14,46,0.0187,0.3096,AW_Jun,4883,70,5,114,0.0143,0.0787,1.0,1.6285714285714286
2023-06-08,FB_Jun,2944,56,15,107,0.019,0.2716,AW_Jun,5457,60,5,141,0.011000000000000001,0.0833,1.9107142857142858,2.35
2023-06-09,FB_Jun,1288,35,8,76,0.0269,0.2289,AW_Jun,3887,56,7,124,0.014499999999999999,0.12119999999999999,2.1714285714285713,2.2142857142857144
2023-06-10,FB_Jun,1719,29,11,71,0.0166,0.3754,AW_Jun,3773,85,5,174,0.0225,0.061799999999999994,2.4482758620689653,2.0470588235294116
2023-06-11,FB_Jun,1868,44,10,144,0.023399999999999997,0.2228,AW_Jun,4899,53,7,121,0.0108,0.1253,3.272727272727273,2.2830188679245285
2023-06-12,FB_Jun,1799,40,13,57,0.022099999999999998,0.3259,AW_Jun,4545,80,6,119,0.0176,0.075,1.425,1.4875
2023-06-13,FB_Jun,3055,50,13,88,0.0165,0.2595,AW_Jun,4247,54,8,184,0.0127,0.1426,1.76,3.4074074074074074
2023-06-14,FB_Jun,2095,31,9,82,0.0148,0.2965,AW_Jun,3874,59,4,128,0.015300000000000001,0.0669,2.6451612903225805,2.169491525423729
2023-06-15,FB_Jun,2673,33,9,56,0.0123,0.261,AW_Jun,4456,40,4,188,0.009000000000000001,0.1,1.696969696969697,4.7
2023-06-16,FB_Jun,1527,39,11,56,0.025699999999999997,0.2763,AW_Jun,5318,75,9,189,0.0141,0.1165,1.435897435897436,2.52
2023-06-17,FB_Jun,1505,54,16,63,0.0358,0.2929,AW_Jun,4854,53,8,113,0.0108,0.1452,1.1666666666666667,2.1320754716981134
2023-06-18,FB_Jun,1377,54,14,89,0.0388,0.2561,AW_Jun,5654,84,7,186,0.0148,0.0858,1.6481481481481481,2.2142857142857144
2023-06-19,FB_Jun,2314,30,7,79,0.013000000000000001,0.23329999999999998,AW_Jun,5237,78,9,109,0.0149,0.1143,2.6333333333333333,1.3974358974358974
2023-06-20,FB_Jun,1944,58,17,104,0.0297,0.2865,AW_Jun,5277,76,6,91,0.0144,0.07629999999999999,1.793103448275862,1.1973684210526316
2023-06-21,FB_Jun,2416,36,10,83,0.0147,0.2845,AW_Jun,5313,67,8,174,0.0125,0.1251,2.3055555555555554,2.5970149253731343
2023-06-22,FB_Jun,1709,34,10,134,0.019799999999999998,0.2888,AW_Jun,5146,80,6,168,0.015600000000000001,0.075,3.9411764705882355,2.1
2023-06-23,FB_Jun,1257,33,9,132,0.0264,0.2602,AW_Jun,4438,52,5,104,0.0118,0.0882,4.0,2.0
2023-06-24,FB_Jun,1974,53,12,58,0.0268,0.2189,AW_Jun,4037,50,7,100,0.0125,0.1294,1.0943396226415094,2.0
2023-06-25,FB_Jun,1796,48,12,102,0.0268,0.2416,AW_Jun,3833,71,5,180,0.018600000000000002,0.064,2.125,2.535211267605634
2023-06-26,FB_Jun,2523,40,9,52,0.0159,0.225,AW_Jun,5032,50,4,168,0.01,0.0698,1.3,3.36
2023-06-27,FB_Jun,1941,39,9,87,0.0199,0.2259,AW_Jun,4981,81,9,130,0.016200000000000003,0.1118,2.230769230769231,1.6049382716049383
2023-06-28,FB_Jun,2287,34,12,84,0.0148,0.3479,AW_Jun,4790,65,5,105,0.013500000000000002,0.081,2.4705882352941178,1.6153846153846154
2023-06-29,FB_Jun,1951,46,11,129,0.0233,0.244,AW_Jun,4683,48,7,149,0.0102,0.155,2.8043478260869565,3.1041666666666665
2023-06-30,FB_Jun,1937,55,13,48,0.0281,0.23670000000000002,AW_Jun,4284,54,6,161,0.0125,0.106,0.8727272727272727,2.9814814814814814
2023-07-01,FB_Jul,1265,42,10,68,0.0332,0.24760000000000001,AW_Jul,4557,75,7,160,0.0165,0.09,1.619047619047619,2.1333333333333333
2023-07-02,FB_Jul,1527,31,7,62,0.0202,0.2325,AW_Jul,5740,74,8,81,0.0129,0.1039,2.0,1.0945945945945945
2023-07-03,FB_Jul,1824,30,7,95,0.0163,0.23370000000000002,AW_Jul,3823,85,6,110,0.0222,0.0736,3.1666666666666665,1.2941176470588236
2023-07-04,FB_Jul,1372,47,12,119,0.0341,0.2641,AW_Jul,5207,54,6,161,0.0103,0.1061,2.5319148936170213,2.9814814814814814
2023-07-05,FB_Jul,2338,40,13,41,0.0169,0.32659999999999995,AW_Jul,4209,43,7,129,0.0103,0.1659,1.025,3.0
2023-07-06,FB_Jul,1534,33,10,98,0.0217,0.2901,AW_Jul,4804,54,6,178,0.0113,0.1051,2.9696969696969697,3.2962962962962963
2023-07-07,FB_Jul,1280,46,12,134,0.036000000000000004,0.2651,AW_Jul,4571,54,8,111,0.011899999999999999,0.142,2.9130434782608696,2.0555555555555554
2023-07-08,FB_Jul,2105,53,15,131,0.025099999999999997,0.2758,AW_Jul,4378,55,5,137,0.0126,0.0864,2.4716981132075473,2.4909090909090907
2023-07-09,FB_Jul,3075,39,11,43,0.0128,0.2763,AW_Jul,3838,57,7,134,0.0148,0.12029999999999999,1.1025641025641026,2.3508771929824563
2023-07-10,FB_Jul,1153,56,12,136,0.0489,0.2177,AW_Jul,4386,49,4,173,0.0111,0.09119999999999999,2.4285714285714284,3.5306122448979593
2023-07-11,FB_Jul,2001,55,12,103,0.0276,0.2181,AW_Jul,4706,79,8,109,0.0168,0.10060000000000001,1.8727272727272728,1.379746835443038
2023-07-12,FB_Jul,2756,39,11,64,0.013999999999999999,0.2779,AW_Jul,5673,80,7,150,0.0141,0.0875,1.641025641025641,1.875
2023-07-13,FB_Jul,3147,50,14,103,0.016,0.2797,AW_Jul,4286,47,3,132,0.0111,0.0711,2.06,2.8085106382978724
2023-07-14,FB_Jul,1050,27,6,114,0.026099999999999998,0.2365,AW_Jul,5220,73,5,109,0.013999999999999999,0.0637,4.222222222222222,1.4931506849315068
2023-07-15,FB_Jul,2930,65,18,47,0.0223,0.2766,AW_Jul,5045,46,4,169,0.009000000000000001,0.09380000000000001,0.7230769230769231,3.6739130434782608
2023-07-16,FB_Jul,2578,54,12,76,0.021099999999999997,0.2184,AW_Jul,3857,67,7,187,0.0175,0.1093,1.4074074074074074,2.791044776119403
2023-07-17,FB_Jul,2237,56,15,52,0.025099999999999997,0.2712,AW_Jul,4357,72,6,117,0.0166,0.0776,0.9285714285714286,1.625
2023-07-18,FB_Jul,3213,36,10,87,0.011200000000000002,0.2833,AW_Jul,5160,81,9,190,0.015700000000000002,0.1118,2.4166666666666665,2.345679012345679
2023-07-19,FB_Jul,2241,30,10,135,0.013300000000000001,0.3347,AW_Jul,4220,38,7,79,0.009000000000000001,0.1819,4.5,2.0789473684210527
2023-07-20,FB_Jul,2925,62,17,59,0.021099999999999997,0.2812,AW_Jul,4253,41,4,131,0.0097,0.09849999999999999,0.9516129032258065,3.1951219512195124
2023-07-21,FB_Jul,1254,36,10,88,0.0285,0.2838,AW_Jul,4642,78,5,110,0.0168,0.06280000000000001,2.4444444444444446,1.4102564102564104
2023-07-22,FB_Jul,1374,54,13,93,0.0392,0.2372,AW_Jul,5143,75,5,103,0.0147,0.0633,1.7222222222222223,1.3733333333333333
2023-07-23,FB_Jul,2658,60,13,109,0.0227,0.21660000000000001,AW_Jul,4239,56,6,81,0.013300000000000001,0.10339999999999999,1.8166666666666667,1.4464285714285714
2023-07-24,FB_Jul,1200,49,11,112,0.0408,0.22039999999999998,AW_Jul,4867,57,8,172,0.011699999999999999,0.1378,2.2857142857142856,3.017543859649123
2023-07-25,FB_Jul,2663,64,17,47,0.0239,0.26289999999999997,AW_Jul,4885,53,6,119,0.0108,0.10710000000000001,0.734375,2.2452830188679247
2023-07-26,FB_Jul,2922,42,13,69,0.0143,0.31989999999999996,AW_Jul,4790,74,7,130,0.0155,0.0904,1.6428571428571428,1.7567567567567568
2023-07-27,FB_Jul,2344,60,13,100,0.0255,0.2168,AW_Jul,5166,75,7,181,0.014499999999999999,0.0901,1.6666666666666667,2.4133333333333336
2023-07-28,FB_Jul,1102,40,13,74,0.0366,0.32409999999999994,AW_Jul,4893,78,9,83,0.0159,0.11410000000000001,1.85,1.064102564102564
2023-07-29,FB_Jul,2187,38,12,83,0.0173,0.30579999999999996,AW_Jul,4290,37,3,167,0.0086,0.077,2.1842105263157894,4.513513513513513
2023-07-30,FB_Jul,2451,46,12,106,0.018600000000000002,0.2656,AW_Jul,4601,78,8,176,0.0169,0.1014,2.3043478260869565,2.2564102564102564
2023-07-31,FB_Jul,1650,51,14,44,0.0308,0.2787,AW_Jul,5272,83,8,155,0.015700000000000002,0.0983,0.8627450980392157,1.8674698795180722
2023-08-01,FB_Aug,1275,66,16,119,0.051500000000000004,0.2457,AW_Aug,4461,41,6,111,0.0092,0.1472,1.803030303030303,2.707317073170732
2023-08-02,FB_Aug,2042,53,13,50,0.0258,0.23800000000000002,AW_Aug,5586,59,8,115,0.0106,0.1344,0.9433962264150944,1.9491525423728813
2023-08-03,FB_Aug,2717,35,8,57,0.0127,0.2289,AW_Aug,5567,68,6,185,0.012199999999999999,0.0942,1.6285714285714286,2.7205882352941178
2023-08-04,FB_Aug,1862,23,10,79,0.0125,0.4146,AW_Aug,4683,62,5,102,0.0132,0.0823,3.4347826086956523,1.6451612903225807
2023-08-05,FB_Aug,2589,33,8,112,0.0129,0.23,AW_Aug,5624,46,3,121,0.008100000000000001,0.0719,3.393939393939394,2.630434782608696
2023-08-06,FB_Aug,2310,55,15,138,0.024,0.2722,AW_Aug,4099,88,9,88,0.021400000000000002,0.107,2.5090909090909093,1.0
2023-08-07,FB_Aug,1437,58,14,66,0.04,0.2348,AW_Aug,4422,42,7,134,0.0095,0.1686,1.1379310344827587,3.1904761904761907
2023-08-08,FB_Aug,2951,36,11,122,0.012,0.3127,AW_Aug,4143,54,7,141,0.0131,0.12369999999999999,3.388888888888889,2.611111111111111
2023-08-09,FB_Aug,3014,42,12,68,0.0139,0.2957,AW_Aug,3894,46,3,112,0.0118,0.0718,1.619047619047619,2.4347826086956523
2023-08-10,FB_Aug,1080,52,14,52,0.0482,0.2768,AW_Aug,4560,57,5,158,0.0125,0.085,1.0,2.7719298245614037
2023-08-11,FB_Aug,3041,35,10,53,0.0116,0.2847,AW_Aug,4027,50,3,142,0.0123,0.0701,1.5142857142857142,2.84
2023-08-12,FB_Aug,2382,34,8,92,0.0141,0.2298,AW_Aug,3938,62,6,137,0.0158,0.0983,2.7058823529411766,2.2096774193548385
2023-08-13,FB_Aug,2502,45,12,91,0.0181,0.2661,AW_Aug,4494,85,8,181,0.0189,0.09720000000000001,2.022222222222222,2.1294117647058823
2023-08-14,FB_Aug,2387,26,9,54,0.011000000000000001,0.3521,AW_Aug,5670,81,5,155,0.014199999999999999,0.062400000000000004,2.076923076923077,1.9135802469135803
2023-08-15,FB_Aug,2664,23,7,72,0.0087,0.2858,AW_Aug,5513,41,3,165,0.0074,0.07440000000000001,3.130434782608696,4.024390243902439
2023-08-16,FB_Aug,2215,56,16,46,0.0252,0.2896,AW_Aug,3782,76,9,101,0.020099999999999996,0.1157,0.8214285714285714,1.3289473684210527
2023-08-17,FB_Aug,1691,47,10,127,0.0276,0.22149999999999997,AW_Aug,3755,66,7,121,0.0177,0.11019999999999999,2.702127659574468,1.8333333333333333
2023-08-18,FB_Aug,1422,51,13,78,0.0356,0.2593,AW_Aug,4561,70,6,122,0.015300000000000001,0.0931,1.5294117647058822,1.7428571428571429
2023-08-19,FB_Aug,3175,34,8,111,0.0106,0.2298,AW_Aug,5185,68,5,186,0.013000000000000001,0.0796,3.264705882352941,2.735294117647059
2023-08-20,FB_Aug,3119,59,14,69,0.018799999999999997,0.2341,AW_Aug,5509,61,4,116,0.0111,0.0664,1.1694915254237288,1.901639344262295
2023-08-21,FB_Aug,1865,41,11,54,0.022099999999999998,0.2726,AW_Aug,5625,32,4,182,0.005699999999999999,0.11220000000000001,1.3170731707317074,5.6875
2023-08-22,FB_Aug,1754,40,9,85,0.0226,0.22519999999999998,AW_Aug,4636,47,7,84,0.0101,0.1565,2.125,1.7872340425531914
2023-08-23,FB_Aug,2584,35,11,37,0.0137,0.313,AW_Aug,4380,43,6,113,0.0098,0.1435,1.0571428571428572,2.627906976744186
2023-08-24,FB_Aug,2656,40,12,91,0.0151,0.2998,AW_Aug,4973,42,7,184,0.0084,0.16949999999999998,2.275,4.380952380952381
2023-08-25,FB_Aug,2428,29,10,106,0.011899999999999999,0.33840000000000003,AW_Aug,4962,63,7,150,0.0127,0.11349999999999999,3.6551724137931036,2.380952380952381
2023-08-26,FB_Aug,1062,28,9,83,0.026600000000000002,0.3064,AW_Aug,5286,71,7,186,0.013300000000000001,0.0925,2.9642857142857144,2.619718309859155
2023-08-27,FB_Aug,3014,51,15,52,0.0169,0.2982,AW_Aug,4979,69,7,136,0.0138,0.1084,1.0196078431372548,1.9710144927536233
2023-08-28,FB_Aug,1450,41,10,107,0.028399999999999998,0.24850000000000003,AW_Aug,4919,57,8,83,0.0116,0.138,2.6097560975609757,1.456140350877193
2023-08-29,FB_Aug,2301,32,8,74,0.0139,0.2627,AW_Aug,5183,58,6,186,0.011200000000000002,0.1015,2.3125,3.206896551724138
2023-08-30,FB_Aug,2739,39,11,50,0.0141,0.2779,AW_Aug,4772,39,3,132,0.008100000000000001,0.0758,1.2820512820512822,3.3846153846153846
2023-08-31,FB_Aug,3186,63,15,98,0.019799999999999998,0.2316,AW_Aug,5565,81,6,174,0.0146,0.0747,1.5555555555555556,2.1481481481481484
2023-09-01,FB_Sep,1764,42,10,107,0.0236,0.248,AW_Sep,4179,80,9,92,0.0191,0.1125,2.5476190476190474,1.15
2023-09-02,FB_Sep,3175,51,13,93,0.016,0.2589,AW_Sep,4322,48,7,164,0.011200000000000002,0.1533,1.8235294117647058,3.4166666666666665
2023-09-03,FB_Sep,2836,29,7,131,0.0102,0.2347,AW_Sep,3820,74,8,87,0.0194,0.1039,4.517241379310345,1.1756756756756757
2023-09-04,FB_Sep,1227,63,18,136,0.0512,0.2796,AW_Sep,4276,53,7,144,0.0124,0.1253,2.1587301587301586,2.7169811320754715
2023-09-05,FB_Sep,2160,33,11,79,0.0151,0.32270000000000004,AW_Sep,4407,52,5,151,0.011699999999999999,0.0888,2.393939393939394,2.9038461538461537
2023-09-06,FB_Sep,2241,56,15,43,0.025099999999999997,0.271,AW_Sep,4311,82,7,175,0.019,0.0866,0.7678571428571429,2.1341463414634148
2023-09-07,FB_Sep,2122,54,16,59,0.0255,0.2923,AW_Sep,5480,57,4,89,0.0104,0.0675,1.0925925925925926,1.5614035087719298
2023-09-08,FB_Sep,2589,37,11,48,0.014199999999999999,0.30870000000000003,AW_Sep,5678,48,3,148,0.0084,0.071,1.2972972972972974,3.0833333333333335
2023-09-09,FB_Sep,3038,60,13,64,0.019799999999999998,0.21660000000000001,AW_Sep,4637,80,9,125,0.0172,0.1127,1.0666666666666667,1.5625
2023-09-10,FB_Sep,3091,56,15,43,0.0182,0.2713,AW_Sep,5245,45,7,140,0.0085,0.16190000000000002,0.7678571428571429,3.111111111111111
2023-09-11,FB_Sep,1970,65,18,120,0.0327,0.2775,AW_Sep,4046,56,8,153,0.0137,0.1401,1.8461538461538463,2.732142857142857
2023-09-12,FB_Sep,2874,33,9,60,0.011399999999999999,0.2612,AW_Sep,3804,44,6,112,0.0116,0.1407,1.8181818181818181,2.5454545454545454
2023-09-13,FB_Sep,1478,40,9,130,0.027200000000000002,0.2249,AW_Sep,4080,70,4,124,0.017,0.0644,3.25,1.7714285714285714
2023-09-14,FB_Sep,1534,44,12,72,0.028900000000000002,0.2677,AW_Sep,4955,64,5,178,0.0129,0.08130000000000001,1.6363636363636365,2.78125
2023-09-15,FB_Sep,2764,30,10,128,0.011000000000000001,0.332,AW_Sep,5355,65,4,78,0.0121,0.0654,4.266666666666667,1.2
2023-09-16,FB_Sep,1667,43,13,107,0.0259,0.2928,AW_Sep,4012,61,8,136,0.015300000000000001,0.1317,2.488372093023256,2.2295081967213113
2023-09-17,FB_Sep,2563,56,14,66,0.0217,0.2539,AW_Sep,5225,84,5,192,0.016,0.061900000000000004,1.1785714285714286,2.2857142857142856
2023-09-18,FB_Sep,2158,53,15,116,0.024399999999999998,0.276,AW_Sep,4810,78,7,142,0.0163,0.0883,2.188679245283019,1.8205128205128205
2023-09-19,FB_Sep,2958,57,14,86,0.0194,0.25239999999999996,AW_Sep,4777,78,6,123,0.016399999999999998,0.0756,1.5087719298245614,1.5769230769230769
2023-09-20,FB_Sep,2322,57,14,48,0.024399999999999998,0.2529,AW_Sep,4938,44,5,109,0.0089,0.1183,0.8421052631578947,2.477272727272727
2023-09-21,FB_Sep,1188,38,9,127,0.0317,0.22649999999999998,AW_Sep,5430,51,7,137,0.009300000000000001,0.12890000000000001,3.3421052631578947,2.6862745098039214
2023-09-22,FB_Sep,2971,36,8,118,0.0123,0.2275,AW_Sep,5534,60,8,144,0.0109,0.1331,3.2777777777777777,2.4
2023-09-23,FB_Sep,2024,34,8,113,0.0167,0.2296,AW_Sep,4264,78,6,191,0.0183,0.0756,3.323529411764706,2.448717948717949
2023-09-24,FB_Sep,1813,36,12,104,0.0196,0.3404,AW_Sep,4363,75,9,182,0.0173,0.11630000000000001,2.888888888888889,2.4266666666666667
2023-09-25,FB_Sep,3081,47,12,130,0.0151,0.2645,AW_Sep,4354,58,5,168,0.0134,0.0843,2.765957446808511,2.896551724137931
2023-09-26,FB_Sep,2719,57,16,56,0.0208,0.2883,AW_Sep,5484,65,8,91,0.0118,0.1272,0.9824561403508771,1.4
2023-09-27,FB_Sep,1665,62,17,71,0.0371,0.2809,AW_Sep,5190,66,4,153,0.0127,0.0652,1.1451612903225807,2.3181818181818183
2023-09-28,FB_Sep,1576,30,8,55,0.019,0.2667,AW_Sep,3961,81,6,125,0.0204,0.0748,1.8333333333333333,1.5432098765432098
2023-09-29,FB_Sep,2437,61,16,115,0.024900000000000002,0.266,AW_Sep,3950,38,4,177,0.0096,0.1026,1.8852459016393444,4.657894736842105
2023-09-30,FB_Sep,2860,52,14,57,0.0181,0.2771,AW_Sep,4488,60,6,134,0.013300000000000001,0.1001,1.0961538461538463,2.2333333333333334
2023-10-01,FB_Oct,2145,62,17,60,0.0291,0.2803,AW_Oct,5320,53,6,118,0.01,0.1063,0.967741935483871,2.2264150943396226
2023-10-02,FB_Oct,3218,56,12,119,0.0173,0.21789999999999998,AW_Oct,5026,71,7,150,0.014199999999999999,0.09210000000000002,2.125,2.112676056338028
2023-10-03,FB_Oct,1641,58,16,94,0.0356,0.2685,AW_Oct,5053,50,7,180,0.01,0.1294,1.6206896551724137,3.6
2023-10-04,FB_Oct,2525,69,19,82,0.027200000000000002,0.2727,AW_Oct,4484,43,5,92,0.0095,0.12029999999999999,1.1884057971014492,2.13953488372093
2023-10-05,FB_Oct,2496,57,13,122,0.022799999999999997,0.2352,AW_Oct,5098,77,5,95,0.0152,0.0629,2.1403508771929824,1.2337662337662338
2023-10-06,FB_Oct,1707,25,9,115,0.0149,0.3575,AW_Oct,5652,40,5,185,0.0070999999999999995,0.1247,4.6,4.625
2023-10-07,FB_Oct,2237,35,9,113,0.015700000000000002,0.257,AW_Oct,3906,70,6,129,0.0178,0.09300000000000001,3.2285714285714286,1.8428571428571427
2023-10-08,FB_Oct,3106,42,9,48,0.0134,0.22399999999999998,AW_Oct,4218,71,7,143,0.0169,0.092,1.1428571428571428,2.0140845070422535
2023-10-09,FB_Oct,2815,55,15,62,0.0195,0.2729,AW_Oct,4545,66,5,162,0.014499999999999999,0.08039999999999999,1.1272727272727272,2.4545454545454546
2023-10-10,FB_Oct,1916,36,11,53,0.0187,0.3114,AW_Oct,4817,80,6,168,0.0166,0.075,1.4722222222222223,2.1
2023-10-11,FB_Oct,1656,28,8,106,0.0167,0.2722,AW_Oct,4758,43,6,99,0.009000000000000001,0.1431,3.7857142857142856,2.302325581395349
2023-10-12,FB_Oct,3055,39,10,57,0.0127,0.2514,AW_Oct,4744,50,4,82,0.0105,0.0902,1.4615384615384615,1.64
2023-10-13,FB_Oct,2107,36,8,122,0.0171,0.2278,AW_Oct,5185,89,6,164,0.0171,0.0725,3.388888888888889,1.8426966292134832
2023-10-14,FB_Oct,2876,58,13,134,0.020099999999999996,0.2173,AW_Oct,5002,68,8,104,0.0137,0.12300000000000001,2.310344827586207,1.5294117647058822
2023-10-15,FB_Oct,2093,44,11,114,0.0212,0.245,AW_Oct,5443,52,4,153,0.0096,0.0691,2.590909090909091,2.9423076923076925
2023-10-16,FB_Oct,1829,51,12,81,0.0277,0.2395,AW_Oct,3920,51,8,87,0.0131,0.1476,1.588235294117647,1.7058823529411764
2023-10-17,FB_Oct,1268,46,14,51,0.0364,0.3085,AW_Oct,5167,40,7,104,0.0078000000000000005,0.1745,1.108695652173913,2.6
2023-10-18,FB_Oct,1291,51,11,124,0.039599999999999996,0.21960000000000002,AW_Oct,5279,40,3,110,0.0076,0.075,2.4313725490196076,2.75
2023-10-19,FB_Oct,2031,53,13,120,0.026000000000000002,0.23800000000000002,AW_Oct,3751,50,5,139,0.013500000000000002,0.08960000000000001,2.2641509433962264,2.78
2023-10-20,FB_Oct,2565,49,13,126,0.0191,0.2611,AW_Oct,3800,65,5,88,0.0171,0.0809,2.5714285714285716,1.353846153846154
2023-10-21,FB_Oct,2765,65,16,92,0.0236,0.24600000000000002,AW_Oct,4981,47,7,109,0.0095,0.1555,1.4153846153846155,2.3191489361702127
2023-10-22,FB_Oct,1654,63,18,43,0.038,0.2796,AW_Oct,5566,77,5,74,0.0139,0.063,0.6825396825396826,0.961038961038961
2023-10-23,FB_Oct,2006,70,17,99,0.0348,0.2429,AW_Oct,5283,55,6,99,0.0105,0.1042,1.4142857142857144,1.8
2023-10-24,FB_Oct,2372,43,11,89,0.018000000000000002,0.2469,AW_Oct,5473,74,6,193,0.013500000000000002,0.077,2.0697674418604652,2.608108108108108
2023-10-25,FB_Oct,1932,46,13,84,0.024,0.2864,AW_Oct,4361,76,8,153,0.0175,0.1025,1.826086956521739,2.013157894736842
2023-10-26,FB_Oct,2905,62,13,124,0.0215,0.21600000000000003,AW_Oct,5096,52,8,149,0.0103,0.1457,2.0,2.8653846153846154
2023-10-27,FB_Oct,1429,56,12,124,0.0395,0.2177,AW_Oct,4569,67,7,77,0.0147,0.1094,2.2142857142857144,1.1492537313432836
2023-10-28,FB_Oct,1618,54,16,126,0.0334,0.2924,AW_Oct,3770,48,4,144,0.0129,0.0913,2.3333333333333335,3.0
2023-10-29,FB_Oct,1476,34,10,130,0.0232,0.2877,AW_Oct,4597,63,7,82,0.0137,0.11349999999999999,3.823529411764706,1.3015873015873016
2023-10-30,FB_Oct,2399,64,18,70,0.0265,0.2786,AW_Oct,4576,54,6,179,0.011699999999999999,0.106,1.09375,3.314814814814815
2023-10-31,FB_Oct,2902,64,18,85,0.022099999999999998,0.278,AW_Oct,4039,38,5,189,0.009399999999999999,0.1293,1.328125,4.973684210526316
2023-11-01,FB_Nov,1642,71,16,48,0.0431,0.22829999999999998,AW_Nov,4442,75,8,102,0.017,0.10300000000000001,0.676056338028169,1.36
2023-11-02,FB_Nov,2591,28,10,127,0.010700000000000001,0.34490000000000004,AW_Nov,3796,73,6,115,0.019299999999999998,0.07730000000000001,4.535714285714286,1.5753424657534247
2023-11-03,FB_Nov,1648,39,11,83,0.0239,0.2761,AW_Nov,4531,52,4,142,0.0115,0.0691,2.128205128205128,2.730769230769231
2023-11-04,FB_Nov,2429,53,13,102,0.0217,0.23800000000000002,AW_Nov,5122,49,6,97,0.0096,0.131,1.9245283018867925,1.9795918367346939
2023-11-05,FB_Nov,1739,35,9,95,0.020099999999999996,0.25730000000000003,AW_Nov,5622,47,3,135,0.0083,0.07139999999999999,2.7142857142857144,2.872340425531915
2023-11-06,FB_Nov,2857,46,11,73,0.016,0.2439,AW_Nov,4832,65,8,166,0.0134,0.127,1.5869565217391304,2.5538461538461537
2023-11-07,FB_Nov,2722,33,8,69,0.012,0.2305,AW_Nov,5555,79,9,111,0.014199999999999999,0.11320000000000001,2.090909090909091,1.4050632911392404
2023-11-08,FB_Nov,1606,40,11,61,0.024900000000000002,0.275,AW_Nov,5263,43,5,111,0.008199999999999999,0.1199,1.525,2.5813953488372094
2023-11-09,FB_Nov,1523,38,13,83,0.0248,0.3323,AW_Nov,4655,58,4,117,0.0125,0.06709999999999999,2.1842105263157894,2.0172413793103448
2023-11-10,FB_Nov,2297,57,12,135,0.024700000000000003,0.21760000000000002,AW_Nov,4561,52,4,73,0.011399999999999999,0.0692,2.3684210526315788,1.4038461538461537
2023-11-11,FB_Nov,2912,65,16,43,0.0222,0.2463,AW_Nov,5432,44,4,189,0.008100000000000001,0.09570000000000001,0.6615384615384615,4.295454545454546
2023-11-12,FB_Nov,1655,61,14,38,0.0371,0.23260000000000003,AW_Nov,4704,44,4,174,0.009300000000000001,0.09570000000000001,0.6229508196721312,3.9545454545454546
2023-11-13,FB_Nov,2377,43,11,112,0.0181,0.2465,AW_Nov,4493,61,5,181,0.013500000000000002,0.08289999999999999,2.604651162790698,2.9672131147540983
2023-11-14,FB_Nov,1272,48,12,94,0.0373,0.2421,AW_Nov,5203,84,6,95,0.0161,0.0739,1.9583333333333333,1.130952380952381
2023-11-15,FB_Nov,2725,64,17,88,0.0233,0.26289999999999997,AW_Nov,3816,53,7,131,0.013999999999999999,0.1249,1.375,2.4716981132075473
2023-11-16,FB_Nov,2339,37,12,106,0.0158,0.33549999999999996,AW_Nov,4171,60,6,172,0.0144,0.1,2.864864864864865,2.8666666666666667
2023-11-17,FB_Nov,1956,51,11,80,0.0259,0.21969999999999998,AW_Nov,3837,79,8,126,0.0206,0.10060000000000001,1.5686274509803921,1.5949367088607596
2023-11-18,FB_Nov,2681,59,14,83,0.0219,0.23399999999999999,AW_Nov,4892,85,8,130,0.0174,0.0971,1.4067796610169492,1.5294117647058822
2023-11-19,FB_Nov,2919,59,16,103,0.0202,0.26780000000000004,AW_Nov,5701,74,8,86,0.013000000000000001,0.1041,1.7457627118644068,1.162162162162162
2023-11-20,FB_Nov,1404,34,9,91,0.0241,0.259,AW_Nov,5067,69,5,197,0.0137,0.0788,2.676470588235294,2.8550724637681157
2023-11-21,FB_Nov,1455,57,12,76,0.0393,0.2175,AW_Nov,3825,51,5,114,0.0132,0.0895,1.3333333333333333,2.235294117647059
2023-11-22,FB_Nov,2134,36,10,72,0.0166,0.2845,AW_Nov,4358,51,6,187,0.0118,0.10830000000000001,2.0,3.6666666666666665
2023-11-23,FB_Nov,2523,57,16,125,0.0225,0.28800000000000003,AW_Nov,4019,81,8,87,0.0202,0.0993,2.192982456140351,1.0740740740740742
2023-11-24,FB_Nov,3000,55,16,60,0.018500000000000003,0.2903,AW_Nov,5525,70,7,142,0.0126,0.1075,1.0909090909090908,2.0285714285714285
2023-11-25,FB_Nov,2489,32,8,59,0.0129,0.2621,AW_Nov,5011,58,5,128,0.0116,0.08449999999999999,1.84375,2.206896551724138
2023-11-26,FB_Nov,1936,56,12,142,0.028900000000000002,0.21789999999999998,AW_Nov,4646,77,5,187,0.0166,0.063,2.5357142857142856,2.4285714285714284
2023-11-27,FB_Nov,1960,68,15,109,0.0345,0.2148,AW_Nov,4721,58,8,162,0.0123,0.136,1.6029411764705883,2.793103448275862
2023-11-28,FB_Nov,2821,49,11,55,0.0175,0.22030000000000002,AW_Nov,4151,46,3,119,0.011000000000000001,0.0719,1.1224489795918366,2.5869565217391304
2023-11-29,FB_Nov,2040,40,11,64,0.019799999999999998,0.2743,AW_Nov,5211,41,7,159,0.0078000000000000005,0.1724,1.6,3.8780487804878048
2023-11-30,FB_Nov,2114,56,13,71,0.026699999999999998,0.23550000000000001,AW_Nov,4983,68,5,103,0.013600000000000001,0.0796,1.2678571428571428,1.5147058823529411
2023-12-01,FB_Dec,1669,59,17,66,0.0351,0.28550000000000003,AW_Dec,4597,67,5,166,0.014499999999999999,0.08,1.11864406779661,2.4776119402985075
2023-12-02,FB_Dec,2770,37,11,99,0.0132,0.309,AW_Dec,4870,45,3,131,0.009300000000000001,0.07200000000000001,2.675675675675676,2.911111111111111
2023-12-03,FB_Dec,2496,67,18,99,0.0268,0.2747,AW_Dec,5171,42,6,92,0.008100000000000001,0.146,1.4776119402985075,2.1904761904761907
2023-12-04,FB_Dec,2428,36,9,142,0.0149,0.2552,AW_Dec,4823,50,5,112,0.0104,0.0898,3.9444444444444446,2.24
2023-12-05,FB_Dec,1686,33,8,112,0.0195,0.2304,AW_Dec,5370,75,9,82,0.0139,0.11710000000000001,3.393939393939394,1.0933333333333333
2023-12-06,FB_Dec,2314,37,10,52,0.0158,0.282,AW_Dec,4406,59,6,98,0.0134,0.1008,1.4054054054054055,1.6610169491525424
2023-12-07,FB_Dec,2386,45,12,126,0.019,0.2661,AW_Dec,5321,70,5,135,0.0132,0.0643,2.8,1.9285714285714286
2023-12-08,FB_Dec,2675,67,15,117,0.024900000000000002,0.23,AW_Dec,4837,44,3,177,0.009000000000000001,0.0729,1.7462686567164178,4.0227272727272725
2023-12-09,FB_Dec,2874,36,9,121,0.0124,0.256,AW_Dec,4022,85,7,186,0.021099999999999997,0.08529999999999999,3.361111111111111,2.1882352941176473
2023-12-10,FB_Dec,1556,67,14,102,0.0433,0.2148,AW_Dec,4718,31,4,139,0.0066,0.11410000000000001,1.5223880597014925,4.483870967741935
2023-12-11,FB_Dec,2281,61,15,60,0.026699999999999998,0.2492,AW_Dec,5335,50,5,148,0.009300000000000001,0.1104,0.9836065573770492,2.96
2023-12-12,FB_Dec,1419,53,13,56,0.037000000000000005,0.23809999999999998,AW_Dec,5167,54,4,145,0.0105,0.06849999999999999,1.0566037735849056,2.685185185185185
2023-12-13,FB_Dec,1213,64,14,142,0.0529,0.21559999999999999,AW_Dec,5190,55,7,148,0.0106,0.1225,2.21875,2.690909090909091
2023-12-14,FB_Dec,1140,46,13,46,0.039900000000000005,0.2879,AW_Dec,4786,59,5,97,0.0123,0.084,1.0,1.6440677966101696
2023-12-15,FB_Dec,2247,45,11,129,0.02,0.2444,AW_Dec,5500,77,5,101,0.013999999999999999,0.063,2.8666666666666667,1.3116883116883118
2023-12-16,FB_Dec,2930,72,16,124,0.0246,0.22769999999999999,AW_Dec,4089,89,5,118,0.0217,0.0613,1.7222222222222223,1.3258426966292134
2023-12-17,FB_Dec,3060,40,11,84,0.0131,0.2746,AW_Dec,5468,64,6,166,0.011699999999999999,0.09699999999999999,2.1,2.59375
2023-12-18,FB_Dec,2030,54,13,122,0.0268,0.2368,AW_Dec,5461,57,5,130,0.0105,0.0849,2.259259259259259,2.280701754385965
2023-12-19,FB_Dec,3116,58,13,135,0.0187,0.21719999999999998,AW_Dec,4993,74,7,150,0.0149,0.09050000000000001,2.3275862068965516,2.027027027027027
2023-12-20,FB_Dec,2478,39,12,50,0.0155,0.3039,AW_Dec,5760,59,7,129,0.0103,0.1176,1.2820512820512822,2.1864406779661016
2023-12-21,FB_Dec,2146,62,13,83,0.0288,0.2162,AW_Dec,5210,41,3,136,0.0079,0.0742,1.3387096774193548,3.317073170731707
2023-12-22,FB_Dec,2448,73,18,134,0.0298,0.2412,AW_Dec,4462,64,8,86,0.0143,0.1282,1.8356164383561644,1.34375
2023-12-23,FB_Dec,2759,48,12,139,0.0174,0.2418,AW_Dec,4581,45,3,80,0.0098,0.0722,2.8958333333333335,1.7777777777777777
2023-12-24,FB_Dec,2031,63,17,87,0.031,0.2635,AW_Dec,4235,34,6,108,0.008100000000000001,0.1668,1.380952380952381,3.176470588235294
2023-12-25,FB_Dec,2386,63,18,77,0.0264,0.27949999999999997,AW_Dec,5018,77,5,146,0.0154,0.0629,1.2222222222222223,1.896103896103896
2023-12-26,FB_Dec,1338,33,12,119,0.0248,0.3506,AW_Dec,4758,38,7,91,0.008,0.1809,3.606060606060606,2.3947368421052633
2023-12-27,FB_Dec,3240,51,13,63,0.015700000000000002,0.2589,AW_Dec,5332,72,9,76,0.013500000000000002,0.1192,1.2352941176470589,1.0555555555555556
2023-12-28,FB_Dec,1510,69,18,97,0.0455,0.2582,AW_Dec,3887,49,6,121,0.0127,0.131,1.4057971014492754,2.4693877551020407
2023-12-29,FB_Dec,2918,44,13,49,0.015,0.29109999999999997,AW_Dec,5327,62,6,128,0.0116,0.09849999999999999,1.1136363636363635,2.064516129032258
2023-12-30,FB_Dec,2212,37,8,102,0.0168,0.22699999999999998,AW_Dec,4020,71,6,119,0.0176,0.0783,2.7567567567567566,1.676056338028169
2023-12-31,FB_Dec,1470,60,17,99,0.0406,0.2838,AW_Dec,4592,47,6,86,0.0101,0.136,1.65,1.8297872340425532
